<wcs>
  <id>WCSInfoImpl-76e81cb4:19b1d5d3a2f:-7ffa</id>
  <enabled>true</enabled>
  <name>WCS</name>
  <versions>
    <org.geotools.util.Version>
      <version>1.0.0</version>
    </org.geotools.util.Version>
    <org.geotools.util.Version>
      <version>1.1.1</version>
    </org.geotools.util.Version>
    <org.geotools.util.Version>
      <version>2.0.1</version>
    </org.geotools.util.Version>
  </versions>
  <citeCompliant>false</citeCompliant>
  <schemaBaseURL>http://schemas.opengis.net</schemaBaseURL>
  <verbose>false</verbose>
  <gmlPrefixing>false</gmlPrefixing>
  <latLon>false</latLon>
  <maxInputMemory>-1</maxInputMemory>
  <maxOutputMemory>-1</maxOutputMemory>
  <defaultDeflateCompressionLevel>9</defaultDeflateCompressionLevel>
  <subsamplingEnabled>true</subsamplingEnabled>
</wcs>