<wms>
  <id>WMSInfoImpl-76e81cb4:19b1d5d3a2f:-7ff8</id>
  <enabled>true</enabled>
  <name>WMS</name>
  <versions>
    <org.geotools.util.Version>
      <version>1.1.1</version>
    </org.geotools.util.Version>
    <org.geotools.util.Version>
      <version>1.3.0</version>
    </org.geotools.util.Version>
  </versions>
  <citeCompliant>false</citeCompliant>
  <schemaBaseURL>http://schemas.opengis.net</schemaBaseURL>
  <verbose>false</verbose>
  <watermark>
    <enabled>false</enabled>
    <position>BOT_RIGHT</position>
    <transparency>100</transparency>
  </watermark>
  <interpolation>Nearest</interpolation>
  <getFeatureInfoMimeTypeCheckingEnabled>false</getFeatureInfoMimeTypeCheckingEnabled>
  <getMapMimeTypeCheckingEnabled>false</getMapMimeTypeCheckingEnabled>
  <dynamicStylingDisabled>false</dynamicStylingDisabled>
  <featuresReprojectionDisabled>false</featuresReprojectionDisabled>
  <maxBuffer>0</maxBuffer>
  <maxRequestMemory>0</maxRequestMemory>
  <maxRenderingTime>0</maxRenderingTime>
  <maxRenderingErrors>0</maxRenderingErrors>
  <cacheConfiguration>
    <enabled>false</enabled>
    <maxEntries>1000</maxEntries>
    <maxEntrySize>51200</maxEntrySize>
  </cacheConfiguration>
  <transformFeatureInfoDisabled>false</transformFeatureInfoDisabled>
  <autoEscapeTemplateValues>false</autoEscapeTemplateValues>
</wms>