<wmts>
  <id>WMTSInfoImpl-76e81cb4:19b1d5d3a2f:-7ffb</id>
  <enabled>true</enabled>
  <name>WMTS</name>
  <title>GeoServer Web Map Tile Service</title>
  <maintainer>GeoServer</maintainer>
  <abstrct>Predefined map tiles generated from vector data, raster data, and imagery.</abstrct>
  <accessConstraints>NONE</accessConstraints>
  <fees>NONE</fees>
  <versions>
    <org.geotools.util.Version>
      <version>1.0.0</version>
    </org.geotools.util.Version>
  </versions>
  <citeCompliant>false</citeCompliant>
  <onlineResource>https://geoserver.org</onlineResource>
  <schemaBaseURL>http://schemas.opengis.net</schemaBaseURL>
  <verbose>false</verbose>
</wmts>