<layer>
  <name>hospital_kota_malang</name>
  <id>LayerInfoImpl--17b962c4:19adee2c673:-7ff4</id>
  <type>VECTOR</type>
  <defaultStyle>
    <id>StyleInfoImpl--64f85f7a:19b0895ca8d:-576f</id>
  </defaultStyle>
  <resource class="featureType">
    <id>FeatureTypeInfoImpl--17b962c4:19adee2c673:-7ff5</id>
  </resource>
  <attribution>
    <logoWidth>0</logoWidth>
    <logoHeight>0</logoHeight>
  </attribution>
  <dateCreated>2025-12-02 11:58:03.252 UTC</dateCreated>
  <dateModified>2025-12-10 16:01:44.291 UTC</dateModified>
</layer>