<layer>
  <name>kelurahan_kota_malang</name>
  <id>LayerInfoImpl--17b962c4:19adee2c673:-7ff8</id>
  <type>VECTOR</type>
  <defaultStyle>
    <id>StyleInfoImpl--64f85f7a:19b0895ca8d:-6b25</id>
  </defaultStyle>
  <resource class="featureType">
    <id>FeatureTypeInfoImpl--17b962c4:19adee2c673:-7ff9</id>
  </resource>
  <attribution>
    <logoWidth>0</logoWidth>
    <logoHeight>0</logoHeight>
  </attribution>
  <dateCreated>2025-12-02 11:57:17.241 UTC</dateCreated>
  <dateModified>2025-12-10 14:47:29.873 UTC</dateModified>
</layer>