<layer>
  <name>school_kota_malang</name>
  <id>LayerInfoImpl--17b962c4:19adee2c673:-7ff6</id>
  <type>VECTOR</type>
  <defaultStyle>
    <id>StyleInfoImpl--64f85f7a:19b0895ca8d:-7ffd</id>
  </defaultStyle>
  <resource class="featureType">
    <id>FeatureTypeInfoImpl--17b962c4:19adee2c673:-7ff7</id>
  </resource>
  <attribution>
    <logoWidth>0</logoWidth>
    <logoHeight>0</logoHeight>
  </attribution>
  <dateCreated>2025-12-02 11:57:44.545 UTC</dateCreated>
  <dateModified>2025-12-10 14:14:34.483 UTC</dateModified>
</layer>