<featureType>
  <id>FeatureTypeInfoImpl--17b962c4:19adee2c673:-7ffb</id>
  <name>kecamatan_kota_malang</name>
  <nativeName>kecamatan_kota_malang</nativeName>
  <namespace>
    <id>NamespaceInfoImpl--17b962c4:19adee2c673:-7fff</id>
  </namespace>
  <title>kecamatan_kota_malang</title>
  <keywords>
    <string>kecamatan_kota_malang</string>
    <string>features</string>
  </keywords>
  <nativeCRS>GEOGCS[&quot;WGS 84&quot;, &#xd;
  DATUM[&quot;World Geodetic System 1984&quot;, &#xd;
    SPHEROID[&quot;WGS 84&quot;, 6378137.0, 298.257223563, AUTHORITY[&quot;EPSG&quot;,&quot;7030&quot;]], &#xd;
    AUTHORITY[&quot;EPSG&quot;,&quot;6326&quot;]], &#xd;
  PRIMEM[&quot;Greenwich&quot;, 0.0, AUTHORITY[&quot;EPSG&quot;,&quot;8901&quot;]], &#xd;
  UNIT[&quot;degree&quot;, 0.017453292519943295], &#xd;
  AXIS[&quot;Geodetic longitude&quot;, EAST], &#xd;
  AXIS[&quot;Geodetic latitude&quot;, NORTH], &#xd;
  AUTHORITY[&quot;EPSG&quot;,&quot;4326&quot;]]</nativeCRS>
  <srs>EPSG:4326</srs>
  <nativeBoundingBox>
    <minx>112.5689468383789</minx>
    <maxx>112.69377136230469</maxx>
    <miny>-8.05157470703125</miny>
    <maxy>-7.910846710205078</maxy>
    <crs>EPSG:4326</crs>
  </nativeBoundingBox>
  <latLonBoundingBox>
    <minx>112.5689468383789</minx>
    <maxx>112.69377136230469</maxx>
    <miny>-8.05157470703125</miny>
    <maxy>-7.910846710205078</maxy>
    <crs>EPSG:4326</crs>
  </latLonBoundingBox>
  <projectionPolicy>FORCE_DECLARED</projectionPolicy>
  <enabled>true</enabled>
  <metadata>
    <entry key="cachingEnabled">false</entry>
  </metadata>
  <store class="dataStore">
    <id>DataStoreInfoImpl--17b962c4:19adee2c673:-7ffe</id>
  </store>
  <serviceConfiguration>false</serviceConfiguration>
  <simpleConversionEnabled>false</simpleConversionEnabled>
  <internationalTitle/>
  <internationalAbstract/>
  <maxFeatures>0</maxFeatures>
  <numDecimals>0</numDecimals>
  <padWithZeros>false</padWithZeros>
  <forcedDecimal>false</forcedDecimal>
  <overridingServiceSRS>false</overridingServiceSRS>
  <skipNumberMatched>false</skipNumberMatched>
  <circularArcPresent>false</circularArcPresent>
</featureType>