<layer>
  <name>kecamatan_kota_malang</name>
  <id>LayerInfoImpl--17b962c4:19adee2c673:-7ffa</id>
  <type>VECTOR</type>
  <defaultStyle>
    <id>StyleInfoImpl--64f85f7a:19b0895ca8d:-69d4</id>
  </defaultStyle>
  <resource class="featureType">
    <id>FeatureTypeInfoImpl--17b962c4:19adee2c673:-7ffb</id>
  </resource>
  <attribution>
    <logoWidth>0</logoWidth>
    <logoHeight>0</logoHeight>
  </attribution>
  <dateCreated>2025-12-02 11:56:59.288 UTC</dateCreated>
  <dateModified>2025-12-10 14:51:21.672 UTC</dateModified>
</layer>