<featureType>
  <id>FeatureTypeInfoImpl--4385b3a5:19a99ba4b24:-7ffd</id>
  <name>kecamatan kota malang</name>
  <nativeName>2022_rbi25k_kotamalang__administrasi_ar_kecamatan</nativeName>
  <namespace>
    <id>NamespaceInfoImpl--4385b3a5:19a99ba4b24:-7fff</id>
  </namespace>
  <title>kecamatan kota malang</title>
  <keywords>
    <string>features</string>
    <string>2022_rbi25k_kotamalang__administrasi_ar_kecamatan</string>
  </keywords>
  <srs>EPSG:4326</srs>
  <nativeBoundingBox>
    <minx>-180.0</minx>
    <maxx>180.0</maxx>
    <miny>-90.0</miny>
    <maxy>90.0</maxy>
    <crs>EPSG:4326</crs>
  </nativeBoundingBox>
  <latLonBoundingBox>
    <minx>-180.0</minx>
    <maxx>180.0</maxx>
    <miny>-90.0</miny>
    <maxy>90.0</maxy>
    <crs>EPSG:4326</crs>
  </latLonBoundingBox>
  <projectionPolicy>FORCE_DECLARED</projectionPolicy>
  <enabled>true</enabled>
  <store class="dataStore">
    <id>DataStoreInfoImpl--4385b3a5:19a99ba4b24:-7ffe</id>
  </store>
  <serviceConfiguration>false</serviceConfiguration>
  <simpleConversionEnabled>false</simpleConversionEnabled>
  <internationalTitle/>
  <internationalAbstract/>
  <maxFeatures>0</maxFeatures>
  <numDecimals>0</numDecimals>
  <padWithZeros>false</padWithZeros>
  <forcedDecimal>false</forcedDecimal>
  <overridingServiceSRS>false</overridingServiceSRS>
  <skipNumberMatched>false</skipNumberMatched>
  <circularArcPresent>false</circularArcPresent>
</featureType>