<layer>
  <name>kota_malang</name>
  <id>LayerInfoImpl--17b962c4:19adee2c673:-7ffc</id>
  <type>VECTOR</type>
  <defaultStyle>
    <id>StyleInfoImpl--64f85f7a:19b0895ca8d:-6682</id>
  </defaultStyle>
  <resource class="featureType">
    <id>FeatureTypeInfoImpl--17b962c4:19adee2c673:-7ffd</id>
  </resource>
  <attribution>
    <logoWidth>0</logoWidth>
    <logoHeight>0</logoHeight>
  </attribution>
  <dateCreated>2025-12-02 11:55:28.866 UTC</dateCreated>
  <dateModified>2025-12-10 15:25:43.263 UTC</dateModified>
</layer>