<layer>
  <name>radius_sekolah1</name>
  <id>LayerInfoImpl--17b962c4:19adee2c673:-7ff0</id>
  <type>VECTOR</type>
  <defaultStyle>
    <id>StyleInfoImpl--64f85f7a:19b0895ca8d:-7c97</id>
  </defaultStyle>
  <resource class="featureType">
    <id>FeatureTypeInfoImpl--17b962c4:19adee2c673:-7ff1</id>
  </resource>
  <attribution>
    <logoWidth>0</logoWidth>
    <logoHeight>0</logoHeight>
  </attribution>
  <dateCreated>2025-12-02 11:58:39.858 UTC</dateCreated>
  <dateModified>2025-12-10 14:19:07.772 UTC</dateModified>
</layer>