<dataStore>
  <id>DataStoreInfoImpl--17b962c4:19adee2c673:-7ffe</id>
  <name>koneksi_uas_kota_malang</name>
  <type>PostGIS</type>
  <enabled>true</enabled>
  <workspace>
    <id>WorkspaceInfoImpl--17b962c4:19adee2c673:-8000</id>
  </workspace>
  <connectionParameters>
    <entry key="schema">public</entry>
    <entry key="Evictor run periodicity">300</entry>
    <entry key="Max open prepared statements">50</entry>
    <entry key="encode functions">true</entry>
    <entry key="Batch insert size">1</entry>
    <entry key="preparedStatements">false</entry>
    <entry key="database">qgis_kota_malang</entry>
    <entry key="reWriteBatchedInserts">false</entry>
    <entry key="host">localhost</entry>
    <entry key="Loose bbox">true</entry>
    <entry key="SSL mode">DISABLE</entry>
    <entry key="Estimated extends">true</entry>
    <entry key="fetch size">1000</entry>
    <entry key="Expose primary keys">false</entry>
    <entry key="validate connections">true</entry>
    <entry key="Support on the fly geometry simplification">true</entry>
    <entry key="Connection timeout">20</entry>
    <entry key="create database">false</entry>
    <entry key="Method used to simplify geometries">FAST</entry>
    <entry key="port">5432</entry>
    <entry key="passwd">crypt1:wOdpsj0ddVtdNiCLID2zmA==</entry>
    <entry key="min connections">1</entry>
    <entry key="dbtype">postgis</entry>
    <entry key="namespace">http://uas_kota_malang</entry>
    <entry key="max connections">10</entry>
    <entry key="Evictor tests per run">3</entry>
    <entry key="Test while idle">true</entry>
    <entry key="user">postgres</entry>
    <entry key="Max connection idle time">300</entry>
  </connectionParameters>
  <__default>false</__default>
  <dateCreated>2025-12-02 11:54:29.914 UTC</dateCreated>
  <disableOnConnFailure>false</disableOnConnFailure>
</dataStore>