<layer>
  <name>radius_rumah_sakit</name>
  <id>LayerInfoImpl--17b962c4:19adee2c673:-7ff2</id>
  <type>VECTOR</type>
  <defaultStyle>
    <id>StyleInfoImpl--17b962c4:19adee2c673:-7fef</id>
  </defaultStyle>
  <resource class="featureType">
    <id>FeatureTypeInfoImpl--17b962c4:19adee2c673:-7ff3</id>
  </resource>
  <attribution>
    <logoWidth>0</logoWidth>
    <logoHeight>0</logoHeight>
  </attribution>
  <dateCreated>2025-12-02 11:58:22.991 UTC</dateCreated>
  <dateModified>2025-12-02 12:01:29.132 UTC</dateModified>
</layer>