<dataStore>
  <id>DataStoreInfoImpl--4385b3a5:19a99ba4b24:-7ffe</id>
  <name>Kecamatan Kota Malang</name>
  <type>GeoPackage</type>
  <enabled>true</enabled>
  <workspace>
    <id>WorkspaceInfoImpl--4385b3a5:19a99ba4b24:-8000</id>
  </workspace>
  <connectionParameters>
    <entry key="fetch size">1000</entry>
    <entry key="Expose primary keys">false</entry>
    <entry key="Batch insert size">1</entry>
    <entry key="database">file://C:/Program Files/GeoServer/UTS_SIG_Jeremy Johnatan_104_Kota Malang/Kecamatan Kota Malang.gpkg</entry>
    <entry key="read_only">false</entry>
    <entry key="dbtype">geopkg</entry>
    <entry key="namespace">kotamalang</entry>
  </connectionParameters>
  <__default>false</__default>
  <dateCreated>2025-11-19 01:34:15.437 UTC</dateCreated>
  <disableOnConnFailure>false</disableOnConnFailure>
</dataStore>